{
  "model": "models/unlearned",
  "lr": 5e-05,
  "steps": 50,
  "tasks": {
    "wmdp_bio": {"acc": 0.6543597800471328, "acc_stderr": 0.013334504419005317, "n": 1273, "metric": "acc,none"}
  }
}
