{
  "model": "models/unlearned",
  "lr": 5e-05,
  "steps": 200,
  "tasks": {
    "wmdp_bio": {"acc": 0.6747839748625295, "acc_stderr": 0.013134840190605571, "n": 1273, "metric": "acc,none"}
  }
}
