{
  "model": "models/unlearned",
  "lr": 5e-05,
  "steps": 25,
  "tasks": {
    "wmdp_bio": {"acc": 0.6606441476826395, "acc_stderr": 0.013276020428135426, "n": 1273, "metric": "acc,none"}
  }
}
