{
  "model": "models/unlearned",
  "lr": null,
  "steps": 0,
  "tasks": {
    "wmdp_bio": {"acc": 0.608012568735271, "acc_stderr": 0.013688277274538994, "n": 1273, "metric": "acc,none"}
  }
}
